,Sequence,Chirality,Label
0,000100010001010000010100010000010100000101000001,000000000010001000000000,N
1,000100010001010000010100010000010100000101000001,000000000010000100000000,N
2,000100010001010000010100010000010100000101000001,000000000001010000000000,N
3,000100010001010000010100010000010100000101000001,000000001000000001000000,N
4,000100010001010000010100010000010100000101000001,000000000100000000100000,N
5,000100010001010000010100010000010100000101000001,000000000100000000000100,N
6,000100010001010000010100010000010100000101000001,000000010000000100000000,N
7,000100010001010000010100010000010100000101000001,000000001000000001000000,N
8,000100010001010000010100010000010100000101000001,000000000001001000000000,N
9,000100010001010000010100010000010100000101000001,000000001000000000001000,N
10,000100010001010000010100010000010100000101000001,000000000100000000010000,N
11,000100010001010000010100010000010100000101000001,000000000001100000000000,N
12,000101000001000100010100010000010100000101000001,000000000010001000000000,N
13,000101000001000100010100010000010100000101000001,000000000010000100000000,N
14,000101000001000100010100010000010100000101000001,000000000001010000000000,N
15,000101000001000100010100010000010100000101000001,000000001000000001000000,N
16,000101000001000100010100010000010100000101000001,000000000100000000100000,N
17,000101000001000100010100010000010100000101000001,000000000100000000000100,N
18,000101000001000100010100010000010100000101000001,000000010000000100000000,N
19,000101000001000100010100010000010100000101000001,000000001000000001000000,N
20,000101000001000100010100010000010100000101000001,000000000001001000000000,N
21,000101000001000100010100010000010100000101000001,000000001000000000001000,N
22,000101000001000100010100010000010100000101000001,000000000100000000010000,N
23,000101000001000100010100010000010100000101000001,000000000001100000000000,N
24,000101000001010000010001010000010100000101000001,000000000010001000000000,N
25,000101000001010000010001010000010100000101000001,000000000010000100000000,N
26,000101000001010000010001010000010100000101000001,000000000001010000000000,N
27,000101000001010000010001010000010100000101000001,000000001000000001000000,N
28,000101000001010000010001010000010100000101000001,000000000100000000100000,N
29,000101000001010000010001010000010100000101000001,000000000100000000000100,N
30,000101000001010000010001010000010100000101000001,000000010000000100000000,N
31,000101000001010000010001010000010100000101000001,000000001000000001000000,N
32,000101000001010000010001010000010100000101000001,000000000001001000000000,N
33,000101000001010000010001010000010100000101000001,000000001000000000001000,N
34,000101000001010000010001010000010100000101000001,000000000100000000010000,N
35,000101000001010000010001010000010100000101000001,000000000001100000000000,N
36,000101000001010000010100000100010100000101000001,000000000010001000000000,N
37,000101000001010000010100000100010100000101000001,000000000010000100000000,N
38,000101000001010000010100000100010100000101000001,000000000001010000000000,N
39,000101000001010000010100000100010100000101000001,000000001000000001000000,N
40,000101000001010000010100000100010100000101000001,000000000100000000100000,N
41,000101000001010000010100000100010100000101000001,000000000100000000000100,N
42,000101000001010000010100000100010100000101000001,000000010000000100000000,N
43,000101000001010000010100000100010100000101000001,000000001000000001000000,N
44,000101000001010000010100000100010100000101000001,000000000001001000000000,N
45,000101000001010000010100000100010100000101000001,000000001000000000001000,N
46,000101000001010000010100000100010100000101000001,000000000100000000010000,N
47,000101000001010000010100000100010100000101000001,000000000001100000000000,N
48,000101000001010000010100010000010001000101000001,000000000010001000000000,N
49,000101000001010000010100010000010001000101000001,000000000010000100000000,N
50,000101000001010000010100010000010001000101000001,000000000001010000000000,N
51,000101000001010000010100010000010001000101000001,000000001000000001000000,N
52,000101000001010000010100010000010001000101000001,000000000100000000100000,N
53,000101000001010000010100010000010001000101000001,000000000100000000000100,N
54,000101000001010000010100010000010001000101000001,000000010000000100000000,N
55,000101000001010000010100010000010001000101000001,000000001000000001000000,N
56,000101000001010000010100010000010001000101000001,000000000001001000000000,N
57,000101000001010000010100010000010001000101000001,000000001000000000001000,N
58,000101000001010000010100010000010001000101000001,000000000100000000010000,N
59,000101000001010000010100010000010001000101000001,000000000001100000000000,N
60,000101000001010000010100010000010100000100010001,000000000010001000000000,N
61,000101000001010000010100010000010100000100010001,000000000010000100000000,N
62,000101000001010000010100010000010100000100010001,000000000001010000000000,N
63,000101000001010000010100010000010100000100010001,000000001000000001000000,N
64,000101000001010000010100010000010100000100010001,000000000100000000100000,N
65,000101000001010000010100010000010100000100010001,000000000100000000000100,N
66,000101000001010000010100010000010100000100010001,000000010000000100000000,N
67,000101000001010000010100010000010100000100010001,000000001000000001000000,N
68,000101000001010000010100010000010100000100010001,000000000001001000000000,N
69,000101000001010000010100010000010100000100010001,000000001000000000001000,N
70,000101000001010000010100010000010100000100010001,000000000100000000010000,N
71,000101000001010000010100010000010100000100010001,000000000001100000000000,N
72,010001000001010000010100010000010100000101000001,000000000010001000000000,N
73,010001000001010000010100010000010100000101000001,000000000010000100000000,N
74,010001000001010000010100010000010100000101000001,000000000001010000000000,N
75,010001000001010000010100010000010100000101000001,000000001000000001000000,N
76,010001000001010000010100010000010100000101000001,000000000100000000100000,N
77,010001000001010000010100010000010100000101000001,000000000100000000000100,N
78,010001000001010000010100010000010100000101000001,000000010000000100000000,N
79,010001000001010000010100010000010100000101000001,000000001000000001000000,N
80,010001000001010000010100010000010100000101000001,000000000001001000000000,N
81,010001000001010000010100010000010100000101000001,000000001000000000001000,N
82,010001000001010000010100010000010100000101000001,000000000100000000010000,N
83,010001000001010000010100010000010100000101000001,000000000001100000000000,N
84,000101000100010000010100010000010100000101000001,000000000010001000000000,N
85,000101000100010000010100010000010100000101000001,000000000010000100000000,N
86,000101000100010000010100010000010100000101000001,000000000001010000000000,N
87,000101000100010000010100010000010100000101000001,000000001000000001000000,N
88,000101000100010000010100010000010100000101000001,000000000100000000100000,N
89,000101000100010000010100010000010100000101000001,000000000100000000000100,N
90,000101000100010000010100010000010100000101000001,000000010000000100000000,N
91,000101000100010000010100010000010100000101000001,000000001000000001000000,N
92,000101000100010000010100010000010100000101000001,000000000001001000000000,N
93,000101000100010000010100010000010100000101000001,000000001000000000001000,N
94,000101000100010000010100010000010100000101000001,000000000100000000010000,N
95,000101000100010000010100010000010100000101000001,000000000001100000000000,N
96,000101000001010001000100010000010100000101000001,000000000010001000000000,N
97,000101000001010001000100010000010100000101000001,000000000010000100000000,N
98,000101000001010001000100010000010100000101000001,000000000001010000000000,N
99,000101000001010001000100010000010100000101000001,000000001000000001000000,N
100,000101000001010001000100010000010100000101000001,000000000100000000100000,N
101,000101000001010001000100010000010100000101000001,000000000100000000000100,N
102,000101000001010001000100010000010100000101000001,000000010000000100000000,N
103,000101000001010001000100010000010100000101000001,000000001000000001000000,N
104,000101000001010001000100010000010100000101000001,000000000001001000000000,N
105,000101000001010001000100010000010100000101000001,000000001000000000001000,N
106,000101000001010001000100010000010100000101000001,000000000100000000010000,N
107,000101000001010001000100010000010100000101000001,000000000001100000000000,N
108,000101000001010000010100010001000100000101000001,000000000010001000000000,N
109,000101000001010000010100010001000100000101000001,000000000010000100000000,N
110,000101000001010000010100010001000100000101000001,000000000001010000000000,N
111,000101000001010000010100010001000100000101000001,000000001000000001000000,N
112,000101000001010000010100010001000100000101000001,000000000100000000100000,N
113,000101000001010000010100010001000100000101000001,000000000100000000000100,N
114,000101000001010000010100010001000100000101000001,000000010000000100000000,N
115,000101000001010000010100010001000100000101000001,000000001000000001000000,N
116,000101000001010000010100010001000100000101000001,000000000001001000000000,N
117,000101000001010000010100010001000100000101000001,000000001000000000001000,N
118,000101000001010000010100010001000100000101000001,000000000100000000010000,N
119,000101000001010000010100010001000100000101000001,000000000001100000000000,N
120,000101000001010000010100010000010100010001000001,000000000010001000000000,Y
121,000101000001010000010100010000010100010001000001,000000000010000100000000,N
122,000101000001010000010100010000010100010001000001,000000000001010000000000,N
123,000101000001010000010100010000010100010001000001,000000001000000001000000,N
124,000101000001010000010100010000010100010001000001,000000000100000000100000,N
125,000101000001010000010100010000010100010001000001,000000000100000000000100,N
126,000101000001010000010100010000010100010001000001,000000010000000100000000,N
127,000101000001010000010100010000010100010001000001,000000001000000001000000,N
128,000101000001010000010100010000010100010001000001,000000000001001000000000,N
129,000101000001010000010100010000010100010001000001,000000001000000000001000,N
130,000101000001010000010100010000010100010001000001,000000000100000000010000,N
131,000101000001010000010100010000010100010001000001,000000000001100000000000,N
132,000101000001010000010100010000010100000101000100,000000000010001000000000,N
133,000101000001010000010100010000010100000101000100,000000000010000100000000,N
134,000101000001010000010100010000010100000101000100,000000000001010000000000,N
135,000101000001010000010100010000010100000101000100,000000001000000001000000,N
136,000101000001010000010100010000010100000101000100,000000000100000000100000,N
137,000101000001010000010100010000010100000101000100,000000000100000000000100,N
138,000101000001010000010100010000010100000101000100,000000010000000100000000,N
139,000101000001010000010100010000010100000101000100,000000001000000001000000,N
140,000101000001010000010100010000010100000101000100,000000000001001000000000,N
141,000101000001010000010100010000010100000101000100,000000001000000000001000,N
142,000101000001010000010100010000010100000101000100,000000000100000000010000,N
143,000101000001010000010100010000010100000101000100,000000000001100000000000,N
144,000101000100010001000100010001000100010001000100,000000000010001000000000,N
145,000101000100010001000100010001000100010001000100,000000000010000100000000,N
146,000101000100010001000100010001000100010001000100,000000000001010000000000,N
147,000101000100010001000100010001000100010001000100,000000001000000001000000,N
148,000101000100010001000100010001000100010001000100,000000000100000000100000,N
149,000101000100010001000100010001000100010001000100,000000000100000000000100,N
150,000101000100010001000100010001000100010001000100,000000010000000100000000,N
151,000101000100010001000100010001000100010001000100,000000001000000001000000,N
152,000101000100010001000100010001000100010001000100,000000000001001000000000,N
153,000101000100010001000100010001000100010001000100,000000001000000000001000,N
154,000101000100010001000100010001000100010001000100,000000000100000000010000,N
155,000101000100010001000100010001000100010001000100,000000000001100000000000,N
156,010001000100010000010100010001000100010001000100,000000000010001000000000,N
157,010001000100010000010100010001000100010001000100,000000000010000100000000,N
158,010001000100010000010100010001000100010001000100,000000000001010000000000,N
159,010001000100010000010100010001000100010001000100,000000001000000001000000,N
160,010001000100010000010100010001000100010001000100,000000000100000000100000,N
161,010001000100010000010100010001000100010001000100,000000000100000000000100,N
162,010001000100010000010100010001000100010001000100,000000010000000100000000,N
163,010001000100010000010100010001000100010001000100,000000001000000001000000,N
164,010001000100010000010100010001000100010001000100,000000000001001000000000,N
165,010001000100010000010100010001000100010001000100,000000001000000000001000,N
166,010001000100010000010100010001000100010001000100,000000000100000000010000,N
167,010001000100010000010100010001000100010001000100,000000000001100000000000,N
168,010001000100010001000001010001000100010001000100,000000000010001000000000,N
169,010001000100010001000001010001000100010001000100,000000000010000100000000,Y
170,010001000100010000010100010001000100010001000100,000000000001010000000000,N
171,010001000100010000010100010001000100010001000100,000000001000000001000000,N
172,010001000100010000010100010001000100010001000100,000000000100000000100000,N
173,010001000100010000010100010001000100010001000100,000000000100000000000100,N
174,010001000100010000010100010001000100010001000100,000000010000000100000000,N
175,010001000100010000010100010001000100010001000100,000000001000000001000000,N
176,010001000100010000010100010001000100010001000100,000000000001001000000000,N
177,010001000100010000010100010001000100010001000100,000000001000000000001000,N
178,010001000100010000010100010001000100010001000100,000000000100000000010000,N
179,010001000100010000010100010001000100010001000100,000000000001100000000000,N
180,010001000100010001000100000101000100010001000100,000000000010001000000000,N
181,010001000100010001000100000101000100010001000100,000000000010000100000000,N
182,010001000100010001000100000101000100010001000100,000000000001010000000000,N
183,010001000100010001000100000101000100010001000100,000000001000000001000000,N
184,010001000100010001000100000101000100010001000100,000000000100000000100000,N
185,010001000100010001000100000101000100010001000100,000000000100000000000100,N
186,010001000100010001000100000101000100010001000100,000000010000000100000000,N
187,010001000100010001000100000101000100010001000100,000000001000000001000000,N
188,010001000100010001000100000101000100010001000100,000000000001001000000000,N
189,010001000100010001000100000101000100010001000100,000000001000000000001000,N
190,010001000100010001000100000101000100010001000100,000000000100000000010000,N
191,010001000100010001000100000101000100010001000100,000000000001100000000000,N
192,010001000100010001000100010000010100010001000100,000000000010001000000000,N
193,010001000100010001000100010000010100010001000100,000000000010000100000000,N
194,010001000100010001000100010000010100010001000100,000000000001010000000000,N
195,010001000100010001000100010000010100010001000100,000000001000000001000000,N
196,010001000100010001000100010000010100010001000100,000000000100000000100000,N
197,010001000100010001000100010000010100010001000100,000000000100000000000100,N
198,010001000100010001000100010000010100010001000100,000000010000000100000000,N
199,010001000100010001000100010000010100010001000100,000000001000000001000000,N
200,010001000100010001000100010000010100010001000100,000000000001001000000000,N
201,010001000100010001000100010000010100010001000100,000000001000000000001000,N
202,010001000100010001000100010000010100010001000100,000000000100000000010000,N
203,010001000100010001000100010000010100010001000100,000000000001100000000000,N
204,010001000100010001000100010001000100000101000100,000000000010001000000000,N
205,010001000100010001000100010001000100000101000100,000000000010000100000000,N
206,010001000100010001000100010001000100000101000100,000000000001010000000000,N
207,010001000100010001000100010001000100000101000100,000000001000000001000000,N
208,010001000100010001000100010001000100000101000100,000000000100000000100000,N
209,010001000100010001000100010001000100000101000100,000000000100000000000100,N
210,010001000100010001000100010001000100000101000100,000000010000000100000000,N
211,010001000100010001000100010001000100000101000100,000000001000000001000000,N
212,010001000100010001000100010001000100000101000100,000000000001001000000000,N
213,010001000100010001000100010001000100000101000100,000000001000000000001000,N
214,010001000100010001000100010001000100000101000100,000000000100000000010000,N
215,010001000100010001000100010001000100000101000100,000000000001100000000000,N
216,000100010001000100010001000100010001000100010001,000000000010001000000000,N
217,000100010001000100010001000100010001000100010001,000000000010000100000000,N
218,000100010001000100010001000100010001000100010001,000000000001010000000000,N
219,000100010001000100010001000100010001000100010001,000000001000000001000000,N
220,000100010001000100010001000100010001000100010001,000000000100000000100000,N
221,000100010001000100010001000100010001000100010001,000000000100000000000100,N
222,000100010001000100010001000100010001000100010001,000000010000000100000000,N
223,000100010001000100010001000100010001000100010001,000000001000000001000000,N
224,000100010001000100010001000100010001000100010001,000000000001001000000000,N
225,000100010001000100010001000100010001000100010001,000000001000000000001000,N
226,000100010001000100010001000100010001000100010001,000000000100000000010000,N
227,000100010001000100010001000100010001000100010001,000000000001100000000000,N
228,000100010001000100010100010000010001000100010001,000000000010001000000000,N
229,000100010001000100010100010000010001000100010001,000000000010000100000000,N
230,000100010001000100010100010000010001000100010001,000000000001010000000000,N
231,000100010001000100010100010000010001000100010001,000000001000000001000000,N
232,000100010001000100010100010000010001000100010001,000000000100000000100000,N
233,000100010001000100010100010000010001000100010001,000000000100000000000100,N
234,000100010001000100010100010000010001000100010001,000000010000000100000000,N
235,000100010001000100010100010000010001000100010001,000000001000000001000000,N
236,000100010001000100010100010000010001000100010001,000000000001001000000000,N
237,000100010001000100010100010000010001000100010001,000000001000000000001000,N
238,000100010001000100010100010000010001000100010001,000000000100000000010000,N
239,000100010001000100010100010000010001000100010001,000000000001100000000000,N
240,000100010001000101000001000101000001000100010001,000000000010001000000000,N
241,000100010001000101000001000101000001000100010001,000000000010000100000000,N
242,000100010001000101000001000101000001000100010001,000000000001010000000000,N
243,000100010001000101000001000101000001000100010001,000000001000000001000000,N
244,000100010001000101000001000101000001000100010001,000000000100000000100000,N
245,000100010001000101000001000101000001000100010001,000000000100000000000100,N
246,000100010001000101000001000101000001000100010001,000000010000000100000000,N
247,000100010001000101000001000101000001000100010001,000000001000000001000000,N
248,000100010001000101000001000101000001000100010001,000000000001001000000000,N
249,000100010001000101000001000101000001000100010001,000000001000000000001000,N
250,000100010001000101000001000101000001000100010001,000000000100000000010000,N
251,000100010001000101000001000101000001000100010001,000000000001100000000000,N
252,000100010001000101000100010001000001000100010001,000000000010001000000000,N
253,000100010001000101000100010001000001000100010001,000000000010000100000000,N
254,000100010001000101000100010001000001000100010001,000000000001010000000000,Y
255,000100010001000101000100010001000001000100010001,000000001000000001000000,N
256,000100010001000101000100010001000001000100010001,000000000100000000100000,N
257,000100010001000101000100010001000001000100010001,000000000100000000000100,N
258,000100010001000101000100010001000001000100010001,000000010000000100000000,N
259,000100010001000101000100010001000001000100010001,000000001000000001000000,N
260,000100010001000101000100010001000001000100010001,000000000001001000000000,N
261,000100010001000101000100010001000001000100010001,000000001000000000001000,N
262,000100010001000101000100010001000001000100010001,000000000100000000010000,N
263,000100010001000101000100010001000001000100010001,000000000001100000000000,N
264,000100010001010000010001000100010100000100010001,000000000010001000000000,N
265,000100010001010000010001000100010100000100010001,000000000010000100000000,N
266,000100010001010000010001000100010100000100010001,000000000001010000000000,N
267,000100010001010000010001000100010100000100010001,000000001000000001000000,N
268,000100010001010000010001000100010100000100010001,000000000100000000100000,N
269,000100010001010000010001000100010100000100010001,000000000100000000000100,N
270,000100010001010000010001000100010100000100010001,000000010000000100000000,N
271,000100010001010000010001000100010100000100010001,000000001000000001000000,N
272,000100010001010000010001000100010100000100010001,000000000001001000000000,N
273,000100010001010000010001000100010100000100010001,000000001000000000001000,N
274,000100010001010000010001000100010100000100010001,000000000100000000010000,N
275,000100010001010000010001000100010100000100010001,000000000001100000000000,N
276,000100010001010000010100010000010100000100010001,000000000010001000000000,N
277,000100010001010000010100010000010100000100010001,000000000010000100000000,N
278,000100010001010000010100010000010100000100010001,000000000001010000000000,N
279,000100010001010000010100010000010100000100010001,000000001000000001000000,N
280,000100010001010000010100010000010100000100010001,000000000100000000100000,N
281,000100010001010000010100010000010100000100010001,000000000100000000000100,N
282,000100010001010000010100010000010100000100010001,000000010000000100000000,N
283,000100010001010000010100010000010100000100010001,000000001000000001000000,N
284,000100010001010000010100010000010100000100010001,000000000001001000000000,N
285,000100010001010000010100010000010100000100010001,000000001000000000001000,N
286,000100010001010000010100010000010100000100010001,000000000100000000010000,N
287,000100010001010000010100010000010100000100010001,000000000001100000000000,N
288,000100010001010001000001000101000100000100010001,000000000010001000000000,N
289,000100010001010001000001000101000100000100010001,000000000010000100000000,N
290,000100010001010001000001000101000100000100010001,000000000001010000000000,N
291,000100010001010001000001000101000100000100010001,000000001000000001000000,N
292,000100010001010001000001000101000100000100010001,000000000100000000100000,N
293,000100010001010001000001000101000100000100010001,000000000100000000000100,N
294,000100010001010001000001000101000100000100010001,000000010000000100000000,N
295,000100010001010001000001000101000100000100010001,000000001000000001000000,N
296,000100010001010001000001000101000100000100010001,000000000001001000000000,N
297,000100010001010001000001000101000100000100010001,000000001000000000001000,N
298,000100010001010001000001000101000100000100010001,000000000100000000010000,N
299,000100010001010001000001000101000100000100010001,000000000001100000000000,N
300,000100010001010001000100010001000100000100010001,000000000010001000000000,N
301,000100010001010001000100010001000100000100010001,000000000010000100000000,N
302,000100010001010001000100010001000100000100010001,000000000001010000000000,N
303,000100010001010001000100010001000100000100010001,000000001000000001000000,N
304,000100010001010001000100010001000100000100010001,000000000100000000100000,Y
305,000100010001010001000100010001000100000100010001,000000000100000000000100,Y
306,000100010001010001000100010001000100000100010001,000000010000000100000000,N
307,000100010001010001000100010001000100000100010001,000000001000000001000000,Y
308,000100010001010001000100010001000100000100010001,000000000001001000000000,N
309,000100010001010001000100010001000100000100010001,000000001000000000001000,N
310,000100010001010001000100010001000100000100010001,000000000100000000010000,N
311,000100010001010001000100010001000100000100010001,000000000001100000000000,N
312,000100010100000100010001000100010001010000010001,000000000010001000000000,N
313,000100010100000100010001000100010001010000010001,000000000010000100000000,N
314,000100010100000100010001000100010001010000010001,000000000001010000000000,N
315,000100010100000100010001000100010001010000010001,000000001000000001000000,N
316,000100010100000100010001000100010001010000010001,000000000100000000100000,N
317,000100010100000100010001000100010001010000010001,000000000100000000000100,N
318,000100010100000100010001000100010001010000010001,000000010000000100000000,N
319,000100010100000100010001000100010001010000010001,000000001000000001000000,N
320,000100010100000100010001000100010001010000010001,000000000001001000000000,N
321,000100010100000100010001000100010001010000010001,000000001000000000001000,N
322,000100010100000100010001000100010001010000010001,000000000100000000010000,N
323,000100010100000100010001000100010001010000010001,000000000001100000000000,N
324,000100010100000100010100010000010001010000010001,000000000010001000000000,N
325,000100010100000100010100010000010001010000010001,000000000010000100000000,N
326,000100010100000100010100010000010001010000010001,000000000001010000000000,N
327,000100010100000100010100010000010001010000010001,000000001000000001000000,N
328,000100010100000100010100010000010001010000010001,000000000100000000100000,N
329,000100010100000100010100010000010001010000010001,000000000100000000000100,N
330,000100010100000100010100010000010001010000010001,000000010000000100000000,N
331,000100010100000100010100010000010001010000010001,000000001000000001000000,N
332,000100010100000100010100010000010001010000010001,000000000001001000000000,N
333,000100010100000100010100010000010001010000010001,000000001000000000001000,N
334,000100010100000100010100010000010001010000010001,000000000100000000010000,N
335,000100010100000100010100010000010001010000010001,000000000001100000000000,N
336,000100010100000101000001000101000001010000010001,000000000010001000000000,N
337,000100010100000101000001000101000001010000010001,000000000010000100000000,N
338,000100010100000101000001000101000001010000010001,000000000001010000000000,N
339,000100010100000101000001000101000001010000010001,000000001000000001000000,N
340,000100010100000101000001000101000001010000010001,000000000100000000100000,N
341,000100010100000101000001000101000001010000010001,000000000100000000000100,N
342,000100010100000101000001000101000001010000010001,000000010000000100000000,N
343,000100010100000101000001000101000001010000010001,000000001000000001000000,N
344,000100010100000101000001000101000001010000010001,000000000001001000000000,N
345,000100010100000101000001000101000001010000010001,000000001000000000001000,N
346,000100010100000101000001000101000001010000010001,000000000100000000010000,N
347,000100010100000101000001000101000001010000010001,000000000001100000000000,N
348,000100010100000101000100010001000001010000010001,000000000010001000000000,N
349,000100010100000101000100010001000001010000010001,000000000010000100000000,N
350,000100010100000101000100010001000001010000010001,000000000001010000000000,N
351,000100010100000101000100010001000001010000010001,000000001000000001000000,N
352,000100010100000101000100010001000001010000010001,000000000100000000100000,N
353,000100010100000101000100010001000001010000010001,000000000100000000000100,N
354,000100010100000101000100010001000001010000010001,000000010000000100000000,N
355,000100010100000101000100010001000001010000010001,000000001000000001000000,N
356,000100010100000101000100010001000001010000010001,000000000001001000000000,N
357,000100010100000101000100010001000001010000010001,000000001000000000001000,N
358,000100010100000101000100010001000001010000010001,000000000100000000010000,N
359,000100010100000101000100010001000001010000010001,000000000001100000000000,N
360,000100010100010000010001000100010100010000010001,000000000010001000000000,N
361,000100010100010000010001000100010100010000010001,000000000010000100000000,N
362,000100010100010000010001000100010100010000010001,000000000001010000000000,N
363,000100010100010000010001000100010100010000010001,000000001000000001000000,N
364,000100010100010000010001000100010100010000010001,000000000100000000100000,N
365,000100010100010000010001000100010100010000010001,000000000100000000000100,N
366,000100010100010000010001000100010100010000010001,000000010000000100000000,N
367,000100010100010000010001000100010100010000010001,000000001000000001000000,N
368,000100010100010000010001000100010100010000010001,000000000001001000000000,N
369,000100010100010000010001000100010100010000010001,000000001000000000001000,N
370,000100010100010000010001000100010100010000010001,000000000100000000010000,N
371,000100010100010000010001000100010100010000010001,000000000001100000000000,N
372,000100010100010000010100010000010100010000010001,000000000010001000000000,N
373,000100010100010000010100010000010100010000010001,000000000010000100000000,N
374,000100010100010000010100010000010100010000010001,000000000001010000000000,N
375,000100010100010000010100010000010100010000010001,000000001000000001000000,N
376,000100010100010000010100010000010100010000010001,000000000100000000100000,N
377,000100010100010000010100010000010100010000010001,000000000100000000000100,N
378,000100010100010000010100010000010100010000010001,000000010000000100000000,N
379,000100010100010000010100010000010100010000010001,000000001000000001000000,N
380,000100010100010000010100010000010100010000010001,000000000001001000000000,N
381,000100010100010000010100010000010100010000010001,000000001000000000001000,N
382,000100010100010000010100010000010100010000010001,000000000100000000010000,N
383,000100010100010000010100010000010100010000010001,000000000001100000000000,N
384,000100010100010001000001000101000100010000010001,000000000010001000000000,N
385,000100010100010001000001000101000100010000010001,000000000010000100000000,N
386,000100010100010001000001000101000100010000010001,000000000001010000000000,N
387,000100010100010001000001000101000100010000010001,000000001000000001000000,N
388,000100010100010001000001000101000100010000010001,000000000100000000100000,N
389,000100010100010001000001000101000100010000010001,000000000100000000000100,N
390,000100010100010001000001000101000100010000010001,000000010000000100000000,N
391,000100010100010001000001000101000100010000010001,000000001000000001000000,N
392,000100010100010001000001000101000100010000010001,000000000001001000000000,N
393,000100010100010001000001000101000100010000010001,000000001000000000001000,N
394,000100010100010001000001000101000100010000010001,000000000100000000010000,N
395,000100010100010001000001000101000100010000010001,000000000001100000000000,N
396,000100010100010001000100010001000100010000010001,000000000010001000000000,N
397,000100010100010001000100010001000100010000010001,000000000010000100000000,N
398,000100010100010001000100010001000100010000010001,000000000001010000000000,N
399,000100010100010001000100010001000100010000010001,000000001000000001000000,N
400,000100010100010001000100010001000100010000010001,000000000100000000100000,N
401,000100010100010001000100010001000100010000010001,000000000100000000000100,N
402,000100010100010001000100010001000100010000010001,000000010000000100000000,N
403,000100010100010001000100010001000100010000010001,000000001000000001000000,N
404,000100010100010001000100010001000100010000010001,000000000001001000000000,N
405,000100010100010001000100010001000100010000010001,000000001000000000001000,N
406,000100010100010001000100010001000100010000010001,000000000100000000010000,N
407,000100010100010001000100010001000100010000010001,000000000001100000000000,N
408,000101000001000100010001000100010001000101000001,000000000010001000000000,N
409,000101000001000100010001000100010001000101000001,000000000010000100000000,N
410,000101000001000100010001000100010001000101000001,000000000001010000000000,N
411,000101000001000100010001000100010001000101000001,000000001000000001000000,N
412,000101000001000100010001000100010001000101000001,000000000100000000100000,N
413,000101000001000100010001000100010001000101000001,000000000100000000000100,N
414,000101000001000100010001000100010001000101000001,000000010000000100000000,N
415,000101000001000100010001000100010001000101000001,000000001000000001000000,N
416,000101000001000100010001000100010001000101000001,000000000001001000000000,N
417,000101000001000100010001000100010001000101000001,000000001000000000001000,N
418,000101000001000100010001000100010001000101000001,000000000100000000010000,N
419,000101000001000100010001000100010001000101000001,000000000001100000000000,N
420,000101000001000100010100010000010001000101000001,000000000010001000000000,N
421,000101000001000100010100010000010001000101000001,000000000010000100000000,N
422,000101000001000100010100010000010001000101000001,000000000001010000000000,N
423,000101000001000100010100010000010001000101000001,000000001000000001000000,N
424,000101000001000100010100010000010001000101000001,000000000100000000100000,N
425,000101000001000100010100010000010001000101000001,000000000100000000000100,N
426,000101000001000100010100010000010001000101000001,000000010000000100000000,N
427,000101000001000100010100010000010001000101000001,000000001000000001000000,N
428,000101000001000100010100010000010001000101000001,000000000001001000000000,N
429,000101000001000100010100010000010001000101000001,000000001000000000001000,N
430,000101000001000100010100010000010001000101000001,000000000100000000010000,N
431,000101000001000100010100010000010001000101000001,000000000001100000000000,N
432,000101000001000101000001000101000001000101000001,000000000010001000000000,N
433,000101000001000101000001000101000001000101000001,000000000010000100000000,N
434,000101000001000101000001000101000001000101000001,000000000001010000000000,N
435,000101000001000101000001000101000001000101000001,000000001000000001000000,N
436,000101000001000101000001000101000001000101000001,000000000100000000100000,N
437,000101000001000101000001000101000001000101000001,000000000100000000000100,N
438,000101000001000101000001000101000001000101000001,000000010000000100000000,N
439,000101000001000101000001000101000001000101000001,000000001000000001000000,N
440,000101000001000101000001000101000001000101000001,000000000001001000000000,N
441,000101000001000101000001000101000001000101000001,000000001000000000001000,N
442,000101000001000101000001000101000001000101000001,000000000100000000010000,N
443,000101000001000101000001000101000001000101000001,000000000001100000000000,N
444,000101000001000101000100010001000001000101000001,000000000010001000000000,N
445,000101000001000101000100010001000001000101000001,000000000010000100000000,N
446,000101000001000101000100010001000001000101000001,000000000001010000000000,N
447,000101000001000101000100010001000001000101000001,000000001000000001000000,N
448,000101000001000101000100010001000001000101000001,000000000100000000100000,N
449,000101000001000101000100010001000001000101000001,000000000100000000000100,N
450,000101000001000101000100010001000001000101000001,000000010000000100000000,N
451,000101000001000101000100010001000001000101000001,000000001000000001000000,N
452,000101000001000101000100010001000001000101000001,000000000001001000000000,N
453,000101000001000101000100010001000001000101000001,000000001000000000001000,N
454,000101000001000101000100010001000001000101000001,000000000100000000010000,N
455,000101000001000101000100010001000001000101000001,000000000001100000000000,N
456,000101000001010000010001000100010100000101000001,000000000010001000000000,N
457,000101000001010000010001000100010100000101000001,000000000010000100000000,N
458,000101000001010000010001000100010100000101000001,000000000001010000000000,N
459,000101000001010000010001000100010100000101000001,000000001000000001000000,N
460,000101000001010000010001000100010100000101000001,000000000100000000100000,N
461,000101000001010000010001000100010100000101000001,000000000100000000000100,N
462,000101000001010000010001000100010100000101000001,000000010000000100000000,N
463,000101000001010000010001000100010100000101000001,000000001000000001000000,N
464,000101000001010000010001000100010100000101000001,000000000001001000000000,N
465,000101000001010000010001000100010100000101000001,000000001000000000001000,N
466,000101000001010000010001000100010100000101000001,000000000100000000010000,N
467,000101000001010000010001000100010100000101000001,000000000001100000000000,N
468,000101000001010000010100010000010100000101000001,000000000010001000000000,N
469,000101000001010000010100010000010100000101000001,000000000010000100000000,N
470,000101000001010000010100010000010100000101000001,000000000001010000000000,N
471,000101000001010000010100010000010100000101000001,000000001000000001000000,N
472,000101000001010000010100010000010100000101000001,000000000100000000100000,N
473,000101000001010000010100010000010100000101000001,000000000100000000000100,N
474,000101000001010000010100010000010100000101000001,000000010000000100000000,Y
475,000101000001010000010100010000010100000101000001,000000001000000001000000,N
476,000101000001010000010100010000010100000101000001,000000000001001000000000,N
477,000101000001010000010100010000010100000101000001,000000001000000000001000,N
478,000101000001010000010100010000010100000101000001,000000000100000000010000,N
479,000101000001010000010100010000010100000101000001,000000000001100000000000,N
480,000101000001010001000001000101000100000101000001,000000000010001000000000,N
481,000101000001010001000001000101000100000101000001,000000000010000100000000,N
482,000101000001010001000001000101000100000101000001,000000000001010000000000,N
483,000101000001010001000001000101000100000101000001,000000001000000001000000,N
484,000101000001010001000001000101000100000101000001,000000000100000000100000,N
485,000101000001010001000001000101000100000101000001,000000000100000000000100,N
486,000101000001010001000001000101000100000101000001,000000010000000100000000,N
487,000101000001010001000001000101000100000101000001,000000001000000001000000,N
488,000101000001010001000001000101000100000101000001,000000000001001000000000,N
489,000101000001010001000001000101000100000101000001,000000001000000000001000,N
490,000101000001010001000001000101000100000101000001,000000000100000000010000,N
491,000101000001010001000001000101000100000101000001,000000000001100000000000,N
492,000101000001010001000100010001000100000101000001,000000000010001000000000,N
493,000101000001010001000100010001000100000101000001,000000000010000100000000,N
494,000101000001010001000100010001000100000101000001,000000000001010000000000,N
495,000101000001010001000100010001000100000101000001,000000001000000001000000,N
496,000101000001010001000100010001000100000101000001,000000000100000000100000,N
497,000101000001010001000100010001000100000101000001,000000000100000000000100,N
498,000101000001010001000100010001000100000101000001,000000010000000100000000,N
499,000101000001010001000100010001000100000101000001,000000001000000001000000,N
500,000101000001010001000100010001000100000101000001,000000000001001000000000,N
501,000101000001010001000100010001000100000101000001,000000001000000000001000,N
502,000101000001010001000100010001000100000101000001,000000000100000000010000,N
503,000101000001010001000100010001000100000101000001,000000000001100000000000,N
504,000101000100000100010001000100010001010001000001,000000000010001000000000,N
505,000101000100000100010001000100010001010001000001,000000000010000100000000,N
506,000101000100000100010001000100010001010001000001,000000000001010000000000,N
507,000101000100000100010001000100010001010001000001,000000001000000001000000,N
508,000101000100000100010001000100010001010001000001,000000000100000000100000,N
509,000101000100000100010001000100010001010001000001,000000000100000000000100,N
510,000101000100000100010001000100010001010001000001,000000010000000100000000,N
511,000101000100000100010001000100010001010001000001,000000001000000001000000,N
512,000101000100000100010001000100010001010001000001,000000000001001000000000,N
513,000101000100000100010001000100010001010001000001,000000001000000000001000,N
514,000101000100000100010001000100010001010001000001,000000000100000000010000,N
515,000101000100000100010001000100010001010001000001,000000000001100000000000,N
516,000101000100000100010100010000010001010001000001,000000000010001000000000,N
517,000101000100000100010100010000010001010001000001,000000000010000100000000,N
518,000101000100000100010100010000010001010001000001,000000000001010000000000,N
519,000101000100000100010100010000010001010001000001,000000001000000001000000,N
520,000101000100000100010100010000010001010001000001,000000000100000000100000,N
521,000101000100000100010100010000010001010001000001,000000000100000000000100,N
522,000101000100000100010100010000010001010001000001,000000010000000100000000,N
523,000101000100000100010100010000010001010001000001,000000001000000001000000,N
524,000101000100000100010100010000010001010001000001,000000000001001000000000,N
525,000101000100000100010100010000010001010001000001,000000001000000000001000,N
526,000101000100000100010100010000010001010001000001,000000000100000000010000,N
527,000101000100000100010100010000010001010001000001,000000000001100000000000,N
528,000101000100000101000001000101000001010001000001,000000000010001000000000,N
529,000101000100000101000001000101000001010001000001,000000000010000100000000,N
530,000101000100000101000001000101000001010001000001,000000000001010000000000,N
531,000101000100000101000001000101000001010001000001,000000001000000001000000,N
532,000101000100000101000001000101000001010001000001,000000000100000000100000,N
533,000101000100000101000001000101000001010001000001,000000000100000000000100,N
534,000101000100000101000001000101000001010001000001,000000010000000100000000,N
535,000101000100000101000001000101000001010001000001,000000001000000001000000,N
536,000101000100000101000001000101000001010001000001,000000000001001000000000,N
537,000101000100000101000001000101000001010001000001,000000001000000000001000,N
538,000101000100000101000001000101000001010001000001,000000000100000000010000,N
539,000101000100000101000001000101000001010001000001,000000000001100000000000,N
540,000101000100000101000100010001000001010001000001,000000000010001000000000,N
541,000101000100000101000100010001000001010001000001,000000000010000100000000,N
542,000101000100000101000100010001000001010001000001,000000000001010000000000,N
543,000101000100000101000100010001000001010001000001,000000001000000001000000,N
544,000101000100000101000100010001000001010001000001,000000000100000000100000,N
545,000101000100000101000100010001000001010001000001,000000000100000000000100,N
546,000101000100000101000100010001000001010001000001,000000010000000100000000,N
547,000101000100000101000100010001000001010001000001,000000001000000001000000,N
548,000101000100000101000100010001000001010001000001,000000000001001000000000,N
549,000101000100000101000100010001000001010001000001,000000001000000000001000,N
550,000101000100000101000100010001000001010001000001,000000000100000000010000,N
551,000101000100000101000100010001000001010001000001,000000000001100000000000,N
552,000101000100010000010001000100010100010001000001,000000000010001000000000,N
553,000101000100010000010001000100010100010001000001,000000000010000100000000,N
554,000101000100010000010001000100010100010001000001,000000000001010000000000,N
555,000101000100010000010001000100010100010001000001,000000001000000001000000,N
556,000101000100010000010001000100010100010001000001,000000000100000000100000,N
557,000101000100010000010001000100010100010001000001,000000000100000000000100,N
558,000101000100010000010001000100010100010001000001,000000010000000100000000,N
559,000101000100010000010001000100010100010001000001,000000001000000001000000,N
560,000101000100010000010001000100010100010001000001,000000000001001000000000,N
561,000101000100010000010001000100010100010001000001,000000001000000000001000,N
562,000101000100010000010001000100010100010001000001,000000000100000000010000,N
563,000101000100010000010001000100010100010001000001,000000000001100000000000,N
564,000101000100010000010100010000010100010001000001,000000000010001000000000,N
565,000101000100010000010100010000010100010001000001,000000000010000100000000,N
566,000101000100010000010100010000010100010001000001,000000000001010000000000,N
567,000101000100010000010100010000010100010001000001,000000001000000001000000,N
568,000101000100010000010100010000010100010001000001,000000000100000000100000,N
569,000101000100010000010100010000010100010001000001,000000000100000000000100,N
570,000101000100010000010100010000010100010001000001,000000010000000100000000,N
571,000101000100010000010100010000010100010001000001,000000001000000001000000,N
572,000101000100010000010100010000010100010001000001,000000000001001000000000,N
573,000101000100010000010100010000010100010001000001,000000001000000000001000,N
574,000101000100010000010100010000010100010001000001,000000000100000000010000,N
575,000101000100010000010100010000010100010001000001,000000000001100000000000,N
576,000101000100010001000001000101000100010001000001,000000000010001000000000,N
577,000101000100010001000001000101000100010001000001,000000000010000100000000,N
578,000101000100010001000001000101000100010001000001,000000000001010000000000,N
579,000101000100010001000001000101000100010001000001,000000001000000001000000,N
580,000101000100010001000001000101000100010001000001,000000000100000000100000,N
581,000101000100010001000001000101000100010001000001,000000000100000000000100,N
582,000101000100010001000001000101000100010001000001,000000010000000100000000,N
583,000101000100010001000001000101000100010001000001,000000001000000001000000,N
584,000101000100010001000001000101000100010001000001,000000000001001000000000,N
585,000101000100010001000001000101000100010001000001,000000001000000000001000,N
586,000101000100010001000001000101000100010001000001,000000000100000000010000,N
587,000101000100010001000001000101000100010001000001,000000000001100000000000,N
588,000101000100010001000100010001000100010001000001,000000000010001000000000,N
589,000101000100010001000100010001000100010001000001,000000000010000100000000,N
590,000101000100010001000100010001000100010001000001,000000000001010000000000,N
591,000101000100010001000100010001000100010001000001,000000001000000001000000,Y
592,000101000100010001000100010001000100010001000001,000000000100000000100000,N
593,000101000100010001000100010001000100010001000001,000000000100000000000100,N
594,000101000100010001000100010001000100010001000001,000000010000000100000000,N
595,000101000100010001000100010001000100010001000001,000000001000000001000000,N
596,000101000100010001000100010001000100010001000001,000000000001001000000000,N
597,000101000100010001000100010001000100010001000001,000000001000000000001000,N
598,000101000100010001000100010001000100010001000001,000000000100000000010000,N
599,000101000100010001000100010001000100010001000001,000000000001100000000000,N
600,010000010001000100010001000100010001000100010100,000000000010001000000000,N
601,010000010001000100010001000100010001000100010100,000000000010000100000000,N
602,010000010001000100010001000100010001000100010100,000000000001010000000000,N
603,010000010001000100010001000100010001000100010100,000000001000000001000000,N
604,010000010001000100010001000100010001000100010100,000000000100000000100000,N
605,010000010001000100010001000100010001000100010100,000000000100000000000100,N
606,010000010001000100010001000100010001000100010100,000000010000000100000000,N
607,010000010001000100010001000100010001000100010100,000000001000000001000000,N
608,010000010001000100010001000100010001000100010100,000000000001001000000000,N
609,010000010001000100010001000100010001000100010100,000000001000000000001000,N
610,010000010001000100010001000100010001000100010100,000000000100000000010000,N
611,010000010001000100010001000100010001000100010100,000000000001100000000000,N
612,010000010001000100010100010000010001000100010100,000000000010001000000000,N
613,010000010001000100010100010000010001000100010100,000000000010000100000000,N
614,010000010001000100010100010000010001000100010100,000000000001010000000000,N
615,010000010001000100010100010000010001000100010100,000000001000000001000000,N
616,010000010001000100010100010000010001000100010100,000000000100000000100000,N
617,010000010001000100010100010000010001000100010100,000000000100000000000100,N
618,010000010001000100010100010000010001000100010100,000000010000000100000000,N
619,010000010001000100010100010000010001000100010100,000000001000000001000000,N
620,010000010001000100010100010000010001000100010100,000000000001001000000000,N
621,010000010001000100010100010000010001000100010100,000000001000000000001000,N
622,010000010001000100010100010000010001000100010100,000000000100000000010000,N
623,010000010001000100010100010000010001000100010100,000000000001100000000000,N
624,010000010001000101000001000101000001000100010100,000000000010001000000000,N
625,010000010001000101000001000101000001000100010100,000000000010000100000000,N
626,010000010001000101000001000101000001000100010100,000000000001010000000000,N
627,010000010001000101000001000101000001000100010100,000000001000000001000000,N
628,010000010001000101000001000101000001000100010100,000000000100000000100000,N
629,010000010001000101000001000101000001000100010100,000000000100000000000100,N
630,010000010001000101000001000101000001000100010100,000000010000000100000000,N
631,010000010001000101000001000101000001000100010100,000000001000000001000000,N
632,010000010001000101000001000101000001000100010100,000000000001001000000000,N
633,010000010001000101000001000101000001000100010100,000000001000000000001000,N
634,010000010001000101000001000101000001000100010100,000000000100000000010000,N
635,010000010001000101000001000101000001000100010100,000000000001100000000000,N
636,010000010001000101000100010001000001000100010100,000000000010001000000000,N
637,010000010001000101000100010001000001000100010100,000000000010000100000000,N
638,010000010001000101000100010001000001000100010100,000000000001010000000000,N
639,010000010001000101000100010001000001000100010100,000000001000000001000000,N
640,010000010001000101000100010001000001000100010100,000000000100000000100000,N
641,010000010001000101000100010001000001000100010100,000000000100000000000100,N
642,010000010001000101000100010001000001000100010100,000000010000000100000000,N
643,010000010001000101000100010001000001000100010100,000000001000000001000000,N
644,010000010001000101000100010001000001000100010100,000000000001001000000000,N
645,010000010001000101000100010001000001000100010100,000000001000000000001000,N
646,010000010001000101000100010001000001000100010100,000000000100000000010000,N
647,010000010001000101000100010001000001000100010100,000000000001100000000000,N
648,010000010001010000010001000100010100000100010100,000000000010001000000000,N
649,010000010001010000010001000100010100000100010100,000000000010000100000000,N
650,010000010001010000010001000100010100000100010100,000000000001010000000000,N
651,010000010001010000010001000100010100000100010100,000000001000000001000000,N
652,010000010001010000010001000100010100000100010100,000000000100000000100000,N
653,010000010001010000010001000100010100000100010100,000000000100000000000100,N
654,010000010001010000010001000100010100000100010100,000000010000000100000000,N
655,010000010001010000010001000100010100000100010100,000000001000000001000000,N
656,010000010001010000010001000100010100000100010100,000000000001001000000000,N
657,010000010001010000010001000100010100000100010100,000000001000000000001000,N
658,010000010001010000010001000100010100000100010100,000000000100000000010000,N
659,010000010001010000010001000100010100000100010100,000000000001100000000000,N
660,010000010001010000010100010000010100000100010100,000000000010001000000000,N
661,010000010001010000010100010000010100000100010100,000000000010000100000000,N
662,010000010001010000010100010000010100000100010100,000000000001010000000000,N
663,010000010001010000010100010000010100000100010100,000000001000000001000000,N
664,010000010001010000010100010000010100000100010100,000000000100000000100000,N
665,010000010001010000010100010000010100000100010100,000000000100000000000100,N
666,010000010001010000010100010000010100000100010100,000000010000000100000000,N
667,010000010001010000010100010000010100000100010100,000000001000000001000000,N
668,010000010001010000010100010000010100000100010100,000000000001001000000000,N
669,010000010001010000010100010000010100000100010100,000000001000000000001000,N
670,010000010001010000010100010000010100000100010100,000000000100000000010000,N
671,010000010001010000010100010000010100000100010100,000000000001100000000000,N
672,010000010001010001000001000101000100000100010100,000000000010001000000000,N
673,010000010001010001000001000101000100000100010100,000000000010000100000000,N
674,010000010001010001000001000101000100000100010100,000000000001010000000000,N
675,010000010001010001000001000101000100000100010100,000000001000000001000000,N
676,010000010001010001000001000101000100000100010100,000000000100000000100000,N
677,010000010001010001000001000101000100000100010100,000000000100000000000100,N
678,010000010001010001000001000101000100000100010100,000000010000000100000000,N
679,010000010001010001000001000101000100000100010100,000000001000000001000000,N
680,010000010001010001000001000101000100000100010100,000000000001001000000000,N
681,010000010001010001000001000101000100000100010100,000000001000000000001000,N
682,010000010001010001000001000101000100000100010100,000000000100000000010000,N
683,010000010001010001000001000101000100000100010100,000000000001100000000000,N
684,010000010001010001000100010001000100000100010100,000000000010001000000000,N
685,010000010001010001000100010001000100000100010100,000000000010000100000000,N
686,010000010001010001000100010001000100000100010100,000000000001010000000000,N
687,010000010001010001000100010001000100000100010100,000000001000000001000000,N
688,010000010001010001000100010001000100000100010100,000000000100000000100000,N
689,010000010001010001000100010001000100000100010100,000000000100000000000100,N
690,010000010001010001000100010001000100000100010100,000000010000000100000000,N
691,010000010001010001000100010001000100000100010100,000000001000000001000000,N
692,010000010001010001000100010001000100000100010100,000000000001001000000000,Y
693,010000010001010001000100010001000100000100010100,000000001000000000001000,N
694,010000010001010001000100010001000100000100010100,000000000100000000010000,N
695,010000010001010001000100010001000100000100010100,000000000001100000000000,N
696,010000010100000100010001000100010001010000010100,000000000010001000000000,N
697,010000010100000100010001000100010001010000010100,000000000010000100000000,N
698,010000010100000100010001000100010001010000010100,000000000001010000000000,N
699,010000010100000100010001000100010001010000010100,000000001000000001000000,N
700,010000010100000100010001000100010001010000010100,000000000100000000100000,N
701,010000010100000100010001000100010001010000010100,000000000100000000000100,N
702,010000010100000100010001000100010001010000010100,000000010000000100000000,N
703,010000010100000100010001000100010001010000010100,000000001000000001000000,N
704,010000010100000100010001000100010001010000010100,000000000001001000000000,N
705,010000010100000100010001000100010001010000010100,000000001000000000001000,N
706,010000010100000100010001000100010001010000010100,000000000100000000010000,N
707,010000010100000100010001000100010001010000010100,000000000001100000000000,N
708,010000010100000100010100010000010001010000010100,000000000010001000000000,N
709,010000010100000100010100010000010001010000010100,000000000010000100000000,N
710,010000010100000100010100010000010001010000010100,000000000001010000000000,N
711,010000010100000100010100010000010001010000010100,000000001000000001000000,N
712,010000010100000100010100010000010001010000010100,000000000100000000100000,N
713,010000010100000100010100010000010001010000010100,000000000100000000000100,N
714,010000010100000100010100010000010001010000010100,000000010000000100000000,N
715,010000010100000100010100010000010001010000010100,000000001000000001000000,N
716,010000010100000100010100010000010001010000010100,000000000001001000000000,N
717,010000010100000100010100010000010001010000010100,000000001000000000001000,N
718,010000010100000100010100010000010001010000010100,000000000100000000010000,N
719,010000010100000100010100010000010001010000010100,000000000001100000000000,N
720,010000010100000101000001000101000001010000010100,000000000010001000000000,N
721,010000010100000101000001000101000001010000010100,000000000010000100000000,N
722,010000010100000101000001000101000001010000010100,000000000001010000000000,N
723,010000010100000101000001000101000001010000010100,000000001000000001000000,N
724,010000010100000101000001000101000001010000010100,000000000100000000100000,N
725,010000010100000101000001000101000001010000010100,000000000100000000000100,N
726,010000010100000101000001000101000001010000010100,000000010000000100000000,N
727,010000010100000101000001000101000001010000010100,000000001000000001000000,N
728,010000010100000101000001000101000001010000010100,000000000001001000000000,N
729,010000010100000101000001000101000001010000010100,000000001000000000001000,N
730,010000010100000101000001000101000001010000010100,000000000100000000010000,N
731,010000010100000101000001000101000001010000010100,000000000001100000000000,N
732,010000010100000101000100010001000001010000010100,000000000010001000000000,N
733,010000010100000101000100010001000001010000010100,000000000010000100000000,N
734,010000010100000101000100010001000001010000010100,000000000001010000000000,N
735,010000010100000101000100010001000001010000010100,000000001000000001000000,N
736,010000010100000101000100010001000001010000010100,000000000100000000100000,N
737,010000010100000101000100010001000001010000010100,000000000100000000000100,N
738,010000010100000101000100010001000001010000010100,000000010000000100000000,N
739,010000010100000101000100010001000001010000010100,000000001000000001000000,N
740,010000010100000101000100010001000001010000010100,000000000001001000000000,N
741,010000010100000101000100010001000001010000010100,000000001000000000001000,N
742,010000010100000101000100010001000001010000010100,000000000100000000010000,N
743,010000010100000101000100010001000001010000010100,000000000001100000000000,N
744,010000010100010000010001000100010100010000010100,000000000010001000000000,N
745,010000010100010000010001000100010100010000010100,000000000010000100000000,N
746,010000010100010000010001000100010100010000010100,000000000001010000000000,N
747,010000010100010000010001000100010100010000010100,000000001000000001000000,N
748,010000010100010000010001000100010100010000010100,000000000100000000100000,N
749,010000010100010000010001000100010100010000010100,000000000100000000000100,N
750,010000010100010000010001000100010100010000010100,000000010000000100000000,N
751,010000010100010000010001000100010100010000010100,000000001000000001000000,N
752,010000010100010000010001000100010100010000010100,000000000001001000000000,N
753,010000010100010000010001000100010100010000010100,000000001000000000001000,N
754,010000010100010000010001000100010100010000010100,000000000100000000010000,N
755,010000010100010000010001000100010100010000010100,000000000001100000000000,N
756,010000010100010000010100010000010100010000010100,000000000010001000000000,N
757,010000010100010000010100010000010100010000010100,000000000010000100000000,N
758,010000010100010000010100010000010100010000010100,000000000001010000000000,N
759,010000010100010000010100010000010100010000010100,000000001000000001000000,N
760,010000010100010000010100010000010100010000010100,000000000100000000100000,N
761,010000010100010000010100010000010100010000010100,000000000100000000000100,N
762,010000010100010000010100010000010100010000010100,000000010000000100000000,N
763,010000010100010000010100010000010100010000010100,000000001000000001000000,N
764,010000010100010000010100010000010100010000010100,000000000001001000000000,N
765,010000010100010000010100010000010100010000010100,000000001000000000001000,N
766,010000010100010000010100010000010100010000010100,000000000100000000010000,N
767,010000010100010000010100010000010100010000010100,000000000001100000000000,N
768,010000010100010001000001000101000100010000010100,000000000010001000000000,N
769,010000010100010001000001000101000100010000010100,000000000010000100000000,N
770,010000010100010001000001000101000100010000010100,000000000001010000000000,N
771,010000010100010001000001000101000100010000010100,000000001000000001000000,N
772,010000010100010001000001000101000100010000010100,000000000100000000100000,N
773,010000010100010001000001000101000100010000010100,000000000100000000000100,N
774,010000010100010001000001000101000100010000010100,000000010000000100000000,N
775,010000010100010001000001000101000100010000010100,000000001000000001000000,N
776,010000010100010001000001000101000100010000010100,000000000001001000000000,N
777,010000010100010001000001000101000100010000010100,000000001000000000001000,N
778,010000010100010001000001000101000100010000010100,000000000100000000010000,N
779,010000010100010001000001000101000100010000010100,000000000001100000000000,N
780,010000010100010001000100010001000100010000010100,000000000010001000000000,N
781,010000010100010001000100010001000100010000010100,000000000010000100000000,N
782,010000010100010001000100010001000100010000010100,000000000001010000000000,N
783,010000010100010001000100010001000100010000010100,000000001000000001000000,N
784,010000010100010001000100010001000100010000010100,000000000100000000100000,N
785,010000010100010001000100010001000100010000010100,000000000100000000000100,N
786,010000010100010001000100010001000100010000010100,000000010000000100000000,N
787,010000010100010001000100010001000100010000010100,000000001000000001000000,N
788,010000010100010001000100010001000100010000010100,000000000001001000000000,N
789,010000010100010001000100010001000100010000010100,000000001000000000001000,N
790,010000010100010001000100010001000100010000010100,000000000100000000010000,N
791,010000010100010001000100010001000100010000010100,000000000001100000000000,N
792,010001000001000100010001000100010001000101000100,000000000010001000000000,N
793,010001000001000100010001000100010001000101000100,000000000010000100000000,N
794,010001000001000100010001000100010001000101000100,000000000001010000000000,N
795,010001000001000100010001000100010001000101000100,000000001000000001000000,N
796,010001000001000100010001000100010001000101000100,000000000100000000100000,N
797,010001000001000100010001000100010001000101000100,000000000100000000000100,N
798,010001000001000100010001000100010001000101000100,000000010000000100000000,N
799,010001000001000100010001000100010001000101000100,000000001000000001000000,N
800,010001000001000100010001000100010001000101000100,000000000001001000000000,N
801,010001000001000100010001000100010001000101000100,000000001000000000001000,N
802,010001000001000100010001000100010001000101000100,000000000100000000010000,N
803,010001000001000100010001000100010001000101000100,000000000001100000000000,N
804,010001000001000100010100010000010001000101000100,000000000010001000000000,N
805,010001000001000100010100010000010001000101000100,000000000010000100000000,N
806,010001000001000100010100010000010001000101000100,000000000001010000000000,N
807,010001000001000100010100010000010001000101000100,000000001000000001000000,N
808,010001000001000100010100010000010001000101000100,000000000100000000100000,N
809,010001000001000100010100010000010001000101000100,000000000100000000000100,N
810,010001000001000100010100010000010001000101000100,000000010000000100000000,N
811,010001000001000100010100010000010001000101000100,000000001000000001000000,N
812,010001000001000100010100010000010001000101000100,000000000001001000000000,N
813,010001000001000100010100010000010001000101000100,000000001000000000001000,N
814,010001000001000100010100010000010001000101000100,000000000100000000010000,N
815,010001000001000100010100010000010001000101000100,000000000001100000000000,N
816,010001000001000101000001000101000001000101000100,000000000010001000000000,N
817,010001000001000101000001000101000001000101000100,000000000010000100000000,N
818,010001000001000101000001000101000001000101000100,000000000001010000000000,N
819,010001000001000101000001000101000001000101000100,000000001000000001000000,N
820,010001000001000101000001000101000001000101000100,000000000100000000100000,N
821,010001000001000101000001000101000001000101000100,000000000100000000000100,N
822,010001000001000101000001000101000001000101000100,000000010000000100000000,N
823,010001000001000101000001000101000001000101000100,000000001000000001000000,N
824,010001000001000101000001000101000001000101000100,000000000001001000000000,N
825,010001000001000101000001000101000001000101000100,000000001000000000001000,N
826,010001000001000101000001000101000001000101000100,000000000100000000010000,N
827,010001000001000101000001000101000001000101000100,000000000001100000000000,N
828,010001000001010000010001000100010100000101000100,000000000010001000000000,N
829,010001000001010000010001000100010100000101000100,000000000010000100000000,N
830,010001000001010000010001000100010100000101000100,000000000001010000000000,N
831,010001000001010000010001000100010100000101000100,000000001000000001000000,N
832,010001000001010000010001000100010100000101000100,000000000100000000100000,N
833,010001000001010000010001000100010100000101000100,000000000100000000000100,N
834,010001000001010000010001000100010100000101000100,000000010000000100000000,N
835,010001000001010000010001000100010100000101000100,000000001000000001000000,N
836,010001000001010000010001000100010100000101000100,000000000001001000000000,N
837,010001000001010000010001000100010100000101000100,000000001000000000001000,N
838,010001000001010000010001000100010100000101000100,000000000100000000010000,N
839,010001000001010000010001000100010100000101000100,000000000001100000000000,N
840,010001000001010000010100010000010100000101000100,000000000010001000000000,N
841,010001000001010000010100010000010100000101000100,000000000010000100000000,N
842,010001000001010000010100010000010100000101000100,000000000001010000000000,N
843,010001000001010000010100010000010100000101000100,000000001000000001000000,N
844,010001000001010000010100010000010100000101000100,000000000100000000100000,N
845,010001000001010000010100010000010100000101000100,000000000100000000000100,N
846,010001000001010000010100010000010100000101000100,000000010000000100000000,N
847,010001000001010000010100010000010100000101000100,000000001000000001000000,N
848,010001000001010000010100010000010100000101000100,000000000001001000000000,N
849,010001000001010000010100010000010100000101000100,000000001000000000001000,N
850,010001000001010000010100010000010100000101000100,000000000100000000010000,N
851,010001000001010000010100010000010100000101000100,000000000001100000000000,N
852,010001000001010001000001000101000100000101000100,000000000010001000000000,N
853,010001000001010001000001000101000100000101000100,000000000010000100000000,N
854,010001000001010001000001000101000100000101000100,000000000001010000000000,N
855,010001000001010001000001000101000100000101000100,000000001000000001000000,N
856,010001000001010001000001000101000100000101000100,000000000100000000100000,N
857,010001000001010001000001000101000100000101000100,000000000100000000000100,N
858,010001000001010001000001000101000100000101000100,000000010000000100000000,N
859,010001000001010001000001000101000100000101000100,000000001000000001000000,N
860,010001000001010001000001000101000100000101000100,000000000001001000000000,N
861,010001000001010001000001000101000100000101000100,000000001000000000001000,N
862,010001000001010001000001000101000100000101000100,000000000100000000010000,N
863,010001000001010001000001000101000100000101000100,000000000001100000000000,N
864,010001000001010001000100010001000100000101000100,000000000010001000000000,N
865,010001000001010001000100010001000100000101000100,000000000010000100000000,N
866,010001000001010001000100010001000100000101000100,000000000001010000000000,N
867,010001000001010001000100010001000100000101000100,000000001000000001000000,N
868,010001000001010001000100010001000100000101000100,000000000100000000100000,N
869,010001000001010001000100010001000100000101000100,000000000100000000000100,N
870,010001000001010001000100010001000100000101000100,000000010000000100000000,N
871,010001000001010001000100010001000100000101000100,000000001000000001000000,N
872,010001000001010001000100010001000100000101000100,000000000001001000000000,N
873,010001000001010001000100010001000100000101000100,000000001000000000001000,N
874,010001000001010001000100010001000100000101000100,000000000100000000010000,N
875,010001000001010001000100010001000100000101000100,000000000001100000000000,N
876,010001000100000100010001000100010001010001000100,000000000010001000000000,N
877,010001000100000100010001000100010001010001000100,000000000010000100000000,N
878,010001000100000100010001000100010001010001000100,000000000001010000000000,N
879,010001000100000100010001000100010001010001000100,000000001000000001000000,N
880,010001000100000100010001000100010001010001000100,000000000100000000100000,N
881,010001000100000100010001000100010001010001000100,000000000100000000000100,N
882,010001000100000100010001000100010001010001000100,000000010000000100000000,N
883,010001000100000100010001000100010001010001000100,000000001000000001000000,N
884,010001000100000100010001000100010001010001000100,000000000001001000000000,N
885,010001000100000100010001000100010001010001000100,000000001000000000001000,N
886,010001000100000100010001000100010001010001000100,000000000100000000010000,N
887,010001000100000100010001000100010001010001000100,000000000001100000000000,N
888,010001000100000100010100010000010001010001000100,000000000010001000000000,N
889,010001000100000100010100010000010001010001000100,000000000010000100000000,N
890,010001000100000100010100010000010001010001000100,000000000001010000000000,N
891,010001000100000100010100010000010001010001000100,000000001000000001000000,N
892,010001000100000100010100010000010001010001000100,000000000100000000100000,N
893,010001000100000100010100010000010001010001000100,000000000100000000000100,N
894,010001000100000100010100010000010001010001000100,000000010000000100000000,N
895,010001000100000100010100010000010001010001000100,000000001000000001000000,N
896,010001000100000100010100010000010001010001000100,000000000001001000000000,N
897,010001000100000100010100010000010001010001000100,000000001000000000001000,N
898,010001000100000100010100010000010001010001000100,000000000100000000010000,N
899,010001000100000100010100010000010001010001000100,000000000001100000000000,N
900,010001000100000101000001000101000001010001000100,000000000010001000000000,N
901,010001000100000101000001000101000001010001000100,000000000010000100000000,N
902,010001000100000101000001000101000001010001000100,000000000001010000000000,N
903,010001000100000101000001000101000001010001000100,000000001000000001000000,N
904,010001000100000101000001000101000001010001000100,000000000100000000100000,N
905,010001000100000101000001000101000001010001000100,000000000100000000000100,N
906,010001000100000101000001000101000001010001000100,000000010000000100000000,N
907,010001000100000101000001000101000001010001000100,000000001000000001000000,N
908,010001000100000101000001000101000001010001000100,000000000001001000000000,N
909,010001000100000101000001000101000001010001000100,000000001000000000001000,N
910,010001000100000101000001000101000001010001000100,000000000100000000010000,N
911,010001000100000101000001000101000001010001000100,000000000001100000000000,N
912,010001000100000101000100010001000001010001000100,000000000010001000000000,N
913,010001000100000101000100010001000001010001000100,000000000010000100000000,N
914,010001000100000101000100010001000001010001000100,000000000001010000000000,N
915,010001000100000101000100010001000001010001000100,000000001000000001000000,N
916,010001000100000101000100010001000001010001000100,000000000100000000100000,N
917,010001000100000101000100010001000001010001000100,000000000100000000000100,N
918,010001000100000101000100010001000001010001000100,000000010000000100000000,N
919,010001000100000101000100010001000001010001000100,000000001000000001000000,N
920,010001000100000101000100010001000001010001000100,000000000001001000000000,N
921,010001000100000101000100010001000001010001000100,000000001000000000001000,N
922,010001000100000101000100010001000001010001000100,000000000100000000010000,N
923,010001000100000101000100010001000001010001000100,000000000001100000000000,N
924,010001000100010000010001000100010100010001000100,000000000010001000000000,N
925,010001000100010000010001000100010100010001000100,000000000010000100000000,N
926,010001000100010000010001000100010100010001000100,000000000001010000000000,N
927,010001000100010000010001000100010100010001000100,000000001000000001000000,N
928,010001000100010000010001000100010100010001000100,000000000100000000100000,N
929,010001000100010000010001000100010100010001000100,000000000100000000000100,N
930,010001000100010000010001000100010100010001000100,000000010000000100000000,N
931,010001000100010000010001000100010100010001000100,000000001000000001000000,N
932,010001000100010000010001000100010100010001000100,000000000001001000000000,N
933,010001000100010000010001000100010100010001000100,000000001000000000001000,N
934,010001000100010000010001000100010100010001000100,000000000100000000010000,N
935,010001000100010000010001000100010100010001000100,000000000001100000000000,N
936,010001000100010000010100010000010100010001000100,000000000010001000000000,N
937,010001000100010000010100010000010100010001000100,000000000010000100000000,N
938,010001000100010000010100010000010100010001000100,000000000001010000000000,N
939,010001000100010000010100010000010100010001000100,000000001000000001000000,N
940,010001000100010000010100010000010100010001000100,000000000100000000100000,N
941,010001000100010000010100010000010100010001000100,000000000100000000000100,N
942,010001000100010000010100010000010100010001000100,000000010000000100000000,N
943,010001000100010000010100010000010100010001000100,000000001000000001000000,N
944,010001000100010000010100010000010100010001000100,000000000001001000000000,N
945,010001000100010000010100010000010100010001000100,000000001000000000001000,N
946,010001000100010000010100010000010100010001000100,000000000100000000010000,N
947,010001000100010000010100010000010100010001000100,000000000001100000000000,N
948,010001000100010001000001000101000100010001000100,000000000010001000000000,N
949,010001000100010001000001000101000100010001000100,000000000010000100000000,N
950,010001000100010001000001000101000100010001000100,000000000001010000000000,N
951,010001000100010001000001000101000100010001000100,000000001000000001000000,N
952,010001000100010001000001000101000100010001000100,000000000100000000100000,N
953,010001000100010001000001000101000100010001000100,000000000100000000000100,N
954,010001000100010001000001000101000100010001000100,000000010000000100000000,N
955,010001000100010001000001000101000100010001000100,000000001000000001000000,N
956,010001000100010001000001000101000100010001000100,000000000001001000000000,N
957,010001000100010001000001000101000100010001000100,000000001000000000001000,Y
958,010001000100010001000001000101000100010001000100,000000000100000000010000,Y
959,010001000100010001000001000101000100010001000100,000000000001100000000000,N
960,010001000100010001000100010001000100010001000100,000000000010001000000000,N
961,010001000100010001000100010001000100010001000100,000000000010000100000000,N
962,010001000100010001000100010001000100010001000100,000000000001010000000000,N
963,010001000100010001000100010001000100010001000100,000000001000000001000000,N
964,010001000100010001000100010001000100010001000100,000000000100000000100000,N
965,010001000100010001000100010001000100010001000100,000000000100000000000100,N
966,010001000100010001000100010001000100010001000100,000000010000000100000000,N
967,010001000100010001000100010001000100010001000100,000000001000000001000000,N
968,010001000100010001000100010001000100010001000100,000000000001001000000000,N
969,010001000100010001000100010001000100010001000100,000000001000000000001000,N
970,010001000100010001000100010001000100010001000100,000000000100000000010000,N
971,010001000100010001000100010001000100010001000100,000000000001100000000000,Y
